{
  "id": "b204c4ce-d4f7-438a-9f9b-52c252c44183",
  "generation": 0,
  "iteration": 0,
  "current_iteration": 30,
  "metrics": {
    "correctness": 1.0,
    "speedup": 0.9926,
    "combined_score": 0.9926
  },
  "language": "python",
  "timestamp": 1776633084.5297325,
  "saved_at": 1776633680.5807304
}