{
  "id": "ac4fb398-9826-4b98-8758-0d4d0516877c",
  "generation": 1,
  "iteration": 10,
  "current_iteration": 10,
  "metrics": {
    "runs_successfully": 1.0,
    "basic_functionality": 1.0,
    "correctness_score": 1.0,
    "performance_score": 0.5618813994406524,
    "reliability_score": 1.0,
    "combined_score": 0.9123762798881304,
    "speedup_score": 1.290926532398266,
    "success_rate": 1.0
  },
  "language": "python",
  "timestamp": 1776993041.5412438,
  "saved_at": 1776993041.5939503
}