{
  "id": "c841a882-6b9e-4c71-8df5-d1a1f645ed9e",
  "generation": 1,
  "iteration": 4,
  "current_iteration": 5,
  "metrics": {
    "correctness": 1.0,
    "speedup": 17.031790465108042,
    "combined_score": 0.8077150085531838
  },
  "language": "python",
  "timestamp": 1776912429.7666025,
  "saved_at": 1776912440.962932
}