{
  "id": "e457475e-5ea6-450b-9b0d-400ca144076c",
  "generation": 2,
  "iteration": 11,
  "current_iteration": 15,
  "metrics": {
    "correctness": 1.0,
    "speedup": 28.239641747385125,
    "combined_score": 0.8414146107319203
  },
  "language": "python",
  "timestamp": 1776912527.2955074,
  "saved_at": 1776912564.5968664
}