{
  "id": "8b1bde57-6d55-42e6-aef8-5657954287cd",
  "generation": 2,
  "iteration": 7,
  "current_iteration": 10,
  "metrics": {
    "correctness": 1.0,
    "speedup": 18.042539647616763,
    "combined_score": 0.81382292795108
  },
  "language": "python",
  "timestamp": 1776912465.1643887,
  "saved_at": 1776912505.503841
}