{
  "id": "84c4009f-7549-4d47-b674-7f39cc40f78b",
  "generation": 1,
  "iteration": 4,
  "timestamp": 1776650548.5622342,
  "parent_id": "662547c1-512f-4b04-a699-c6525a667c2e",
  "metrics": {
    "correctness": 1.0,
    "speedup": 0.9869666666666667,
    "combined_score": 0.9934833333333334
  },
  "language": "python",
  "saved_at": 1776651733.157104
}