{
  "id": "e79064d7-4c12-4e00-ac14-dad341f1a436",
  "generation": 0,
  "iteration": 0,
  "timestamp": 1777279905.3948264,
  "parent_id": null,
  "metrics": {
    "radii_sum": 0.0,
    "combined_score": 0.0,
    "eval_time": 1.4066696166992188e-05
  },
  "language": "python",
  "saved_at": 1777281963.9417129
}