{
  "id": "209d3091-f28b-439c-bcbc-686cacad3deb",
  "generation": 0,
  "iteration": 0,
  "timestamp": 1776634570.7587225,
  "parent_id": null,
  "metrics": {
    "correctness": 1.0,
    "speedup": 0.9963000000000001,
    "combined_score": 0.99815
  },
  "language": "python",
  "saved_at": 1776635412.8273597
}