{
  "id": "b1c7a778-5b5e-40f1-a4a0-8d9135568430",
  "generation": 5,
  "iteration": 80,
  "current_iteration": 80,
  "metrics": {
    "radii_sum": 2.2189110867544644,
    "combined_score": 0.9378987863986304,
    "eval_time": 5.316734313964844e-05
  },
  "language": "python",
  "timestamp": 1777284425.231645,
  "saved_at": 1777284425.43837
}