{
  "id": "5c04d34f-a8d4-49bc-89ec-05a24cd16cf0",
  "generation": 0,
  "iteration": 0,
  "current_iteration": 10,
  "metrics": {
    "runs_successfully": 1.0,
    "basic_functionality": 1.0,
    "correctness_score": 1.0,
    "performance_score": 0.4027245601432508,
    "reliability_score": 1.0,
    "combined_score": 0.88054491202865,
    "speedup_score": 0.9982685834704501,
    "success_rate": 1.0
  },
  "language": "python",
  "timestamp": 1776993014.633595,
  "saved_at": 1776993133.1398556
}