{
  "id": "78df7ef7-27b9-484a-9789-11b7cdd9cf9d",
  "generation": 6,
  "iteration": 28,
  "timestamp": 1776912766.593585,
  "parent_id": "a1d15458-0cb3-4219-b557-bae24b418561",
  "metrics": {
    "correctness": 1.0,
    "speedup": 46.10491834275525,
    "combined_score": 0.8884948140325766
  },
  "language": "python",
  "saved_at": 1776912898.3751717
}