{
  "id": "9fa70f4d-a685-4d8b-a59a-64e29c855c18",
  "generation": 1,
  "iteration": 1,
  "current_iteration": 70,
  "metrics": {
    "radii_sum": 2.1000000000000005,
    "combined_score": 0.8876369419191021,
    "eval_time": 0.00019240379333496094
  },
  "language": "python",
  "timestamp": 1777282726.0874825,
  "saved_at": 1777284238.3412316
}