{
  "id": "fbf32add-5446-41b5-805c-33043f67dc2f",
  "generation": 0,
  "iteration": 0,
  "timestamp": 1777278430.092726,
  "parent_id": null,
  "metrics": {
    "radii_sum": 0.0,
    "combined_score": 0.0,
    "eval_time": 1.6689300537109375e-05
  },
  "language": "python",
  "saved_at": 1777278615.0940642
}