{
  "id": "84c4009f-7549-4d47-b674-7f39cc40f78b",
  "generation": 1,
  "iteration": 4,
  "current_iteration": 10,
  "metrics": {
    "correctness": 1.0,
    "speedup": 0.9869666666666667,
    "combined_score": 0.9934833333333334
  },
  "language": "python",
  "timestamp": 1776650548.5622342,
  "saved_at": 1776650719.8515925
}