{
  "id": "31412e32-8f31-43ea-8d56-e2c8b0c20273",
  "generation": 6,
  "iteration": 95,
  "timestamp": 1777284678.7207758,
  "parent_id": "b1c7a778-5b5e-40f1-a4a0-8d9135568430",
  "metrics": {
    "radii_sum": 2.2507732164214307,
    "combined_score": 0.9513664070370189,
    "eval_time": 4.553794860839844e-05
  },
  "language": "python",
  "saved_at": 1777284756.5968962
}