{
  "id": "78df7ef7-27b9-484a-9789-11b7cdd9cf9d",
  "generation": 6,
  "iteration": 28,
  "current_iteration": 35,
  "metrics": {
    "correctness": 1.0,
    "speedup": 46.10491834275525,
    "combined_score": 0.8884948140325766
  },
  "language": "python",
  "timestamp": 1776912766.593585,
  "saved_at": 1776912836.505903
}